# Non-Complex Redirects

## Changes from /post/ to /courses/
/post/math-standard-networks/ /courses/mathematics-standard-hsc/networks/
/post/equilibrium-acid-reactions/ /courses/chemistry-hsc/module-5/

/post/Dynamics-review/ /courses/physics-hsc/module-6/
/post/speed-and-velocity/ /courses/physics-prelim/module-1/
/post/sor1-prelim-final/ /courses/sor-prelim/
/post/reactive-chemistry/ courses/chemistry-prelim/module-3/
/post/physics-module-6/ /courses/physics-hsc/module-6/
/post/physics-module-5/ /courses/physics-hsc/module-5/
/post/physics-hsc-consolidation/ /courses/physics-hsc/
/post/physics-electricity-magnetism/ /courses/physics-prelim/module-3/
/post/pdhpe-hsc-consolidation/ /courses/pdhpe-hsc/
/post/newtons-laws/ /courses/physics-prelim/module-5/
/post/mh-power-authority/ /courses/modern-hsc/power-authority/
/post/math-standard-trigonometry/ /courses/mathematics-standard-hsc/trigonometry/
/post/math-standard-statistical-analysis/ /courses/mathematics-standard-hsc/statistical-analysis/
/post/math-standard-statistical-financial/ /courses/mathematics-standard-hsc/financial/
/post/kinematics/ /courses/physics-prelim/module-1/
/post/chemistry-introduction-to-quantitative-chemistry/ /courses/chemistry-prelim/module-2/
/post/chemistry-equations/ /courses/chemistry-hsc/chemistry-equation-guide/
/post/chemistry-drivers-of-reactions/ /courses/chemistry-prelim/module-4/
/post/chemistry-acids-and-bases/ /courses/chemistry-hsc/module-6/
/post/biology-prelim-complete/ /courses/biology-prelim/
/post/biology-hsc-consolidation/ /courses/biology-hsc/
/post/advanced-mechanics/ /courses/physics-hsc/module-5/
/post/1984/ /courses/english-advanced-hsc/1984/